{
    "keep": {
        "days": true,
        "amount": 1
    },
    "auditLog": "C:\\Users\\Tanjim\\Documents\\Bayzid\\rapid-study-server\\winston\\success\\.47c7a9adfda5d59cc6cdea9f0f65ff0b38c10fd6-audit.json",
    "files": [
        {
            "date": 1761068606428,
            "name": "C:\\Users\\Tanjim\\Documents\\Bayzid\\rapid-study-server\\winston\\success\\21-10-2025-23-success.log",
            "hash": "d4932aa726143b1909e50507bdf328e396fb5c166e579faa40e8d2c5e07248a4"
        },
        {
            "date": 1761069648821,
            "name": "C:\\Users\\Tanjim\\Documents\\Bayzid\\rapid-study-server\\winston\\success\\22-10-2025-00-success.log",
            "hash": "3c6377bb79b4c5cfced851e300ebd75ba244ef2b8aa7d326c1045b6029e1a4ee"
        }
    ],
    "hashType": "sha256"
}