{
    "keep": {
        "days": true,
        "amount": 1
    },
    "auditLog": "C:\\Users\\Tanjim\\Documents\\Bayzid\\rapid-study-server\\winston\\error\\.a6f538f50d55b56f37044038eb0b150abe277131-audit.json",
    "files": [
        {
            "date": 1761068606432,
            "name": "C:\\Users\\Tanjim\\Documents\\Bayzid\\rapid-study-server\\winston\\error\\21-10-2025-23-error.log",
            "hash": "047c6863910ae7df5c79981da62262f8dd06ca76eb25c974f25fb1360cf0a009"
        },
        {
            "date": 1761070752657,
            "name": "C:\\Users\\Tanjim\\Documents\\Bayzid\\rapid-study-server\\winston\\error\\22-10-2025-00-error.log",
            "hash": "658eaf4f6de659e92595b27b4567dd6bad196119651e31ed016156b4c181d09a"
        }
    ],
    "hashType": "sha256"
}